{
    "extrinsic": {
        "quaternion": [
            0.9784285343011225,
            0.2637768040624223,
            -0.00484101685033018,
            -0.1388865347828484
        ],
        "translation": [
            1.883877634519682,
            0.9374885909901753,
            0.9549
        ]
    },
    "intrinsic": {
        "aspect_ratio": 1.0,
        "cx_offset": 1.829,
        "cy_offset": -0.49,
        "height": 966.0,
        "k1": 335.497,
        "k2": -11.41,
        "k3": 22.009,
        "k4": 2.539,
        "model": "radial_poly",
        "poly_order": 4,
        "width": 1280.0
    }
}