{
    "extrinsic": {
        "quaternion": [
            0.23598267590341626,
            1.0537965866083725,
            -0.12486099597242313,
            -0.018195002265676996
        ],
        "translation": [
            1.842974892202017,
            -0.8684761281618796,
            0.9753099999999999
        ]
    },
    "intrinsic": {
        "aspect_ratio": 1.0,
        "cx_offset": 3.468,
        "cy_offset": -1.705,
        "height": 966.0,
        "k1": 337.657,
        "k2": -16.126,
        "k3": 27.487,
        "k4": 0.888,
        "model": "radial_poly",
        "poly_order": 4,
        "width": 1280.0
    }
}