{
    "extrinsic": {
        "quaternion": [
            0.6201308174516292,
            -0.5937307509342868,
            0.39001004283353635,
            -0.41242829258731867
        ],
        "translation": [
            3.6819384234436225,
            0.0008236789826057496,
            0.68133
        ]
    },
    "intrinsic": {
        "aspect_ratio": 1.0,
        "cx_offset": 3.942,
        "cy_offset": -3.093,
        "height": 966.0,
        "k1": 339.749,
        "k2": -31.988,
        "k3": 48.275,
        "k4": -7.201,
        "model": "radial_poly",
        "poly_order": 4,
        "width": 1280.0
    }
}