{
    "extrinsic": {
        "quaternion": [
            0.6622127409872829,
            0.6840713908382783,
            -0.3314765422972093,
            -0.3397133622735843
        ],
        "translation": [
            -0.8390160802244699,
            -0.015338822270666503,
            0.90934
        ]
    },
    "intrinsic": {
        "aspect_ratio": 1.0,
        "cx_offset": 6.67,
        "cy_offset": -3.291,
        "height": 966.0,
        "k1": 339.039,
        "k2": -29.815,
        "k3": 46.483,
        "k4": -6.655,
        "model": "radial_poly",
        "poly_order": 4,
        "width": 1280.0
    }
}